House Name,House Price,House Location,House Info,House Link
Double story 2 Marla house for urgent sale,"7,800,000","Awan Town - Ali Block, Lahore•",222 Marla,https://www.olx.com.pk/item/double-story-2-marla-house-for-urgent-sale-iid-1100781247
10 MARLA HOUSE AVAILABLE FOR SALE,"39,000,000","Dream Gardens, Lahore•",6+7+10 Marla,https://www.olx.com.pk/item/10-marla-house-available-for-sale-iid-1099882936
7 Marla Brand New House For Sale In Sector M7A Lake City Raiwind Road Lahore,"37,000,000","Lake City, Lahore•",57+7 Marla,https://www.olx.com.pk/item/7-marla-brand-new-house-for-sale-in-sector-m7a-lake-city-raiwind-road-lahore-iid-1100584532
6.5 Marla Corner House For Sale Facing Park,"39,500,000","Allama Iqbal Town, Lahore•",556 Marla,https://www.olx.com.pk/item/65-marla-corner-house-for-sale-facing-park-iid-1100059658
7 Marla House For Sale in G13 Islamabad,"58,000,000","G-13, Islamabad•","561,800 SQFT",https://www.olx.com.pk/item/7-marla-house-for-sale-in-g13-islamabad-iid-1100046903
3 Marla Triple story House,"19,000,000","Allama Iqbal Town - Zeenat Block, Lahore•",333 Marla,https://www.olx.com.pk/item/beauty-full-house-for-small-two-family-iid-1095814691
Get An Attractive Prime Location House In Lahore Under Rs. 19500000,"19,500,000","Central Park - Block A1, Lahore•",345 Marla,https://www.olx.com.pk/item/get-an-attractive-prime-location-house-in-lahore-under-rs-19500000-iid-1100438464
Brand New 2 Kanal House Available In Model Town - Block A For sale,"350,000,000","Model Town - Block A, Lahore•",6+62 Kanal,https://www.olx.com.pk/item/brand-new-2-kanal-house-available-in-model-town-block-a-for-sale-iid-1100815435
40 Feet Road 5 Marla Brand New House For Sale In Park View City Lahore,"22,500,000","Park View City - Tulip Overseas, Lahore•",445 Marla,https://www.olx.com.pk/item/40-feet-road-5-marla-brand-new-house-for-sale-in-park-view-city-lahore-iid-1100855777
Luxury Single Story Villas in Falaknaz Dreams Malir,"9,000,000","Falaknaz Dreams, Karachi•",32120 SQYD,https://www.olx.com.pk/item/luxury-single-story-villas-in-falaknaz-dreams-malir-iid-1100577638
Excellent Ground plus One House in Burahni Town Malir,"11,000,000","Khokarapar, Karachi•",54100 SQYD,https://www.olx.com.pk/item/excellent-ground-plus-one-house-in-burahni-town-malir-iid-1100350695
Excellent Ground plus One House in Indus Mehran Malir,"17,000,000","Indus Mehran Society, Karachi•",6+5120 SQYD,https://www.olx.com.pk/item/excellent-ground-plus-one-house-in-indus-mehran-malir-iid-1100350468
3 Marla Beautifull House For Sale In Pak Arab Housing society,"10,500,000","Pak Arab Housing Society, Lahore•",333 Marla,https://www.olx.com.pk/item/3-marla-beautifull-house-for-sale-in-pak-arab-housing-society-iid-1100883850
Excellent Ground plus One House in Burhani Town,"8,500,000","Khokarapar, Karachi•",54100 SQYD,https://www.olx.com.pk/item/excellent-ground-plus-one-house-in-burhani-town-iid-1100085414
3 Marla Beautifull House For Sale Shadab Garden,"11,000,000","Shadab Garden, Lahore•",333 Marla,https://www.olx.com.pk/item/3-marla-beautifull-house-for-sale-shadab-garden-iid-1100047750
10 Marla House For Sale In Paragon City Lahore,"40,000,000","Paragon City, Lahore•",5610 Marla,https://www.olx.com.pk/item/10-marla-house-for-sale-in-paragon-city-lahore-iid-1100883772
4.5 Marla House For Sale In Paragon City Lahore,"17,000,000","Paragon City, Lahore•",344 Marla,https://www.olx.com.pk/item/45-marla-house-for-sale-in-paragon-city-lahore-iid-1100883769
Buffar zoon sector 15B 120 Gaz G+2 Rcc house,"18,800,000","Bufferzone - Sector 15-B, Karachi•",6+6120 SQYD,https://www.olx.com.pk/item/buffar-zoon-sector-15b-120-gaz-g2-rcc-house-iid-1100883766
8 Marla House For Sale In Paragon City Lahore,"24,500,000","Paragon City, Lahore•",448 Marla,https://www.olx.com.pk/item/8-marla-house-for-sale-in-paragon-city-lahore-iid-1100883760
5 Marla House For Sale In Paragon City Lahore,"19,200,000","Paragon City, Lahore•",345 Marla,https://www.olx.com.pk/item/5-marla-house-for-sale-in-paragon-city-lahore-iid-1100883756
Panoramic view of Sea Darakhsha Villa like Brand New full luxurious fully furnished with Big Green loan Big parking Space for Urgent Sale,"72,000,000","DHA Phase 5, Karachi•",45470 SQYD,https://www.olx.com.pk/item/panoramic-view-of-sea-darakhsha-villa-like-brand-new-full-luxurious-fully-furnished-with-big-green-loan-big-parking-space-for-urgent-sale-iid-1100883605
VIP location of DHA phase V khbe Behria full luxurious Bungalow for Sale D775,"79,500,000","DHA Phase 5, Karachi•",6+7+453 SQYD,https://www.olx.com.pk/item/vip-location-of-dha-phase-v-khbe-behria-full-luxurious-bungalow-for-sale-d775-iid-1100883694
VIP location of DHA phase Vl Saher St like Brand New full luxurious Bungalow 3+4 Bedroom DD for Urgent Sale,"107,000,000","DHA Phase 6, Karachi•",6+7+500 SQYD,https://www.olx.com.pk/item/vip-location-of-dha-phase-vl-saher-st-like-brand-new-full-luxurious-bungalow-34-bedroom-dd-for-urgent-sale-iid-1100883651
CORNER HOUSE BEAUTIFUL LOCATIONS,"7,000,000","Al Jannat Housing Scheme - Block B, Lahore•",553 Marla,https://www.olx.com.pk/item/corner-house-beautiful-locations-iid-1100418320
10 Marla Brand New House For Sale,"41,000,000","LDA Avenue - Block J, Lahore•",5610 Marla,https://www.olx.com.pk/item/10-marla-brand-new-house-for-sale-iid-1100865559
5 Marla brand new double story house available for sale in B-17,"21,500,000","B-17, Islamabad•",455 Marla,https://www.olx.com.pk/item/5-marla-brand-new-double-story-house-available-for-sale-in-b-17-iid-1100650247
Abid Town Gulshan one unit west open house for sale,"30,000,000","Gulshan-E-Iqbal Block 2, Karachi•",33120 SQYD,https://www.olx.com.pk/item/abid-town-gulshan-one-unit-west-open-house-for-sale-iid-1100306354
3 Marla Brand New House (Video Available) Allama Iqbal Town Zeenat Block,"24,500,000","Allama Iqbal Town, Lahore•",443 Marla,https://www.olx.com.pk/item/3-marla-brand-new-house-video-available-allama-iqbal-town-zeenat-block-iid-1099998105
5 Marla Brand New House available for sale Main boluvard Near to Park Near to KFC Near to Macdnolad's AA Block Bahria town lahore. orignial pictures are attached.,"27,500,000","Bahria Town - Block AA, Lahore•",Studio15 Marla,https://www.olx.com.pk/item/5-marla-brand-new-house-available-for-sale-main-boluvard-near-to-park-near-to-kfc-near-to-macdnolads-aa-block-bahria-town-lahore-orignial-pictures-are-attached-iid-1100147301
18 Marla New Double Story House For Sale AL-BARKAT VILLAS Society Area Boundary Wall Opposite Riffah University Near Fish Farm Satiana Road Faisalabad,"44,000,000","Al Barkat Villas, Faisalabad•",5618 Marla,https://www.olx.com.pk/item/18-marla-new-double-story-house-for-sale-al-barkat-villas-society-area-boundary-wall-opposite-riffah-university-near-fish-farm-satiana-road-faisalabad-iid-1100279949
7 Marla EXTRA Land Brand New Double Storey House In G-13 Islamabad,"62,000,000","G-13, Islamabad•",6+67 Marla,https://www.olx.com.pk/item/7-marla-extra-lan-brand-new-double-storey-house-in-g-13-islamabad-iid-1100208146
House for sale ground plus 2. . . . . 240 sqyd railway housing society airport near malir halt,"45,000,000","Airport Road, Karachi•",6+7+240 SQYD,https://www.olx.com.pk/item/house-for-sale-ground-plus-2-240-sqyd-railway-housing-society-airport-near-malir-halt-iid-1100388110
Panoramic view of DHA phase Vl like Brand New full luxurious fully furnished Bungalow for Sale,"220,000,000","DHA Phase 8, Karachi•","6+7+8,500 SQFT",https://www.olx.com.pk/item/panoramic-view-of-dha-phase-vl-like-brand-new-full-luxurious-fully-furnished-bungalow-for-sale-iid-1100883596
Panoramic view of DHA phase Vlll prime location of khbe iQbal full luxurious Bungalow with new moderate amenities 2025 model for Sale,"250,000,000","DHA Phase 8, Karachi•","6+7+1,000 SQYD",https://www.olx.com.pk/item/panoramic-view-of-dha-phase-vlll-prime-location-of-khbe-iqbal-full-luxurious-bungalow-with-new-moderate-amenities-2025-model-for-sale-iid-1100883590
Panoramic view of DHA phase Vlll full luxurious Bungalow for Urgent Sale,"46,000,000","DHA Phase 8, Karachi•",45100 SQYD,https://www.olx.com.pk/item/panoramic-view-of-dha-phase-vlll-full-luxurious-bungalow-for-urgent-sale-iid-1100883588
Panoramic view of DHA phase V Park face 500 Yard 2 Unit Brand New for Urgent Sale Bungalow,"185,000,000","DHA Phase 5, Karachi•",6+7+500 SQYD,https://www.olx.com.pk/item/panoramic-view-of-dha-phase-v-park-face-500-yard-2-unit-brand-new-for-urgent-sale-bungalow-iid-1100883583
Panoramic view of DHA phase Vlll full luxurious modern design Bungalow 500ysrd 3+3=6BDD+Besment for Sale,"145,000,000","DHA Phase 8, Karachi•",6+7+500 SQYD,https://www.olx.com.pk/item/panoramic-view-of-dha-phase-vlll-full-luxurious-modern-design-bungalow-500ysrd-336bddbesment-for-sale-iid-1100883567
Panoramic view of DHA phase Vll ext Brand New house with Besment yard for Sale,"47,500,000","DHA Phase 7 Extension, Karachi•",45100 SQYD,https://www.olx.com.pk/item/panoramic-view-of-dha-phase-vll-ext-brand-new-house-with-besment-yard-for-sale-iid-1100883561
Panoramic view of Sea Darakhsha Villa like Brand New full luxurious fully furnished with Big Green loan Big parking Space for Urgent Sale,"72,000,000","DHA Phase 5, Karachi•",45470 SQYD,https://www.olx.com.pk/item/panoramic-view-of-sea-darakhsha-villa-like-brand-new-full-luxurious-fully-furnished-with-big-green-loan-big-parking-space-for-urgent-sale-iid-1100883527
VIP location of DHA phase V full luxurious Bungalow 1000yards for Urgent Sale,"125,000,000","DHA Phase 5, Karachi•","561,000 SQYD",https://www.olx.com.pk/item/vip-location-of-dha-phase-v-full-luxurious-bungalow-1000yards-for-urgent-sale-iid-1100883520
5 Marla Double Storey Urgent Sale,"20,000,000","Gulraiz Housing Society Phase 2, Rawalpindi•",545 Marla,https://www.olx.com.pk/item/5-marla-double-storey-urgent-sale-iid-1100602309
5 Marla Double Storey House,"14,500,000","Adiala Road, Rawalpindi•",445 Marla,https://www.olx.com.pk/item/5-marla-double-storey-house-iid-1100575469
5 Marla 1.5 Storey House Near To Main Road,"13,000,000","Adiala Road, Rawalpindi•",345 Marla,https://www.olx.com.pk/item/5-marla-15-storey-house-near-to-main-road-iid-1100554533
6 Marla 1.5 Storey On Best Location,"14,500,000","Adiala Road, Rawalpindi•",456 Marla,https://www.olx.com.pk/item/6-marla-15-storey-on-best-location-iid-1100554512
5 Marla House Urgent For Sale,"10,500,000","Adiala Road, Rawalpindi•",235 Marla,https://www.olx.com.pk/item/5-marla-house-urgent-for-sale-iid-1100554501
5 Marla Spanish Double Storey House,"15,500,000","Adiala Road, Rawalpindi•",335 Marla,https://www.olx.com.pk/item/5-marla-spanish-double-storey-house-iid-1100554488
Luxurious Margala Facing Designer House for Sale In Sector A 5 bedroom Bahria Enclave Islamabad,"75,000,000","Bahria Enclave - Sector A, Islamabad•",5610 Marla,https://www.olx.com.pk/item/luxurious-margala-facing-designer-house-for-sale-in-sector-a-5-bedroom-bahria-enclave-islamabad-iid-1100191056
8 Marla new house for sale Al Noor Garden society Madina town Faisalabad,"20,000,000","Al Noor Garden, Faisalabad•",568 Marla,https://www.olx.com.pk/item/8-marla-new-house-for-sale-al-noor-garden-society-madina-town-faisalabad-iid-1100111469
A Prime Location 416 Square Yards House Is Up For Grabs In North Nazimabad,"180,000,000","North Nazimabad - Block H, Karachi•",6+6416 SQYD,https://www.olx.com.pk/item/a-prime-location-416-square-yards-house-is-up-for-grabs-in-north-nazimabad-iid-1099885251
Banglow For Rent at DHA Phase 7 khi,"600,000","Sehar Commercial Area, Karachi•","6+7+1,100 SQYD",https://www.olx.com.pk/item/banglow-for-rent-at-dha-phase-7-khi-iid-1100680195
25x60 Corner house on Double road for sale,"40,000,000","I-14, Islamabad•",566 Marla,https://www.olx.com.pk/item/25x60-corner-house-on-double-road-for-sale-iid-1100524847
House for sale near airport malir halt Boston e raza,"14,000,000","Airport Road, Karachi•",23120 SQYD,https://www.olx.com.pk/item/house-for-sale-near-airport-malir-halt-boston-e-raza-iid-1099969626
5 Marla Luxury House For Sale,"21,000,000","Bismillah Housing Scheme, Lahore•",455 Marla,https://www.olx.com.pk/item/5-marla-luxury-house-for-sale-iid-1099877940
11 Marla Corner 2.5 Story House For Sale At Prime Location,"42,500,000","Sabzazar Scheme - Block N, Lahore•",6+611 Marla,https://www.olx.com.pk/item/11-marla-corner-25-story-house-for-sale-at-prime-location-iid-1099628625
Cattle farm family farm,"2,000,000","Gadap Town, Karachi•","Studio11,000 SQYD",https://www.olx.com.pk/item/cattle-farm-family-farm-iid-1100743551
2.5 Marla House Best For INVESTMENT,"4,500,000","Adiala Road, Rawalpindi•",12550 SQFT,https://www.olx.com.pk/item/25-marla-house-best-for-investment-iid-1100554258
5 Marla 1.5 Storey House Janjua Town,"12,000,000","Adiala Road, Rawalpindi•",225 Marla,https://www.olx.com.pk/item/5-marla-15-storey-house-janjua-town-iid-1100662492
5 Marla Double Storey Near Askari 14,"20,000,000","Adiala Road, Rawalpindi•",465 Marla,https://www.olx.com.pk/item/5-marla-double-storey-near-askari-14-iid-1100602407
5 Marla 1.5 Storey Ideal And Near To Road,"11,500,000","Adiala Road, Rawalpindi•",345 Marla,https://www.olx.com.pk/item/5-marla-15-storey-ideal-and-near-to-road-iid-1100575388
3.25 Marla double story house for sale,"11,000,000","Adiala Road, Rawalpindi•",443 Marla,https://www.olx.com.pk/item/325-marla-double-story-house-for-sale-iid-1100522899
Precinct 15 Single Story House in Installment Best location in Bahria town karachi,"9,000,000","Bahria Town - Precinct 15, Karachi•",34125 SQYD,https://www.olx.com.pk/item/precinct-15-single-story-house-in-installment-best-location-in-bahria-town-karachi-iid-1100882918
D H A Lahore 2 Kanal Brand New Faisal Rasool Stylish House And Full Furnished With 100% Original Pics Available For Sale,"210,000,000","DHA Phase 2, Lahore•",6+640 Marla,https://www.olx.com.pk/item/d-h-a-lahore-2-kanal-brand-new-faisal-rasool-stylish-house-and-full-furnished-with-100-original-pics-available-for-sale-iid-1099887222
Brand New Zero Meter House Ground Plus 1 Kda Lease 24 Hours Sweet Water And Electricity Good Location Near Main Road,"14,800,000","North Karachi, Karachi•",4680 SQYD,https://www.olx.com.pk/item/brand-new-zero-meter-house-ground-plus-1-kda-lease-24-hours-sweet-water-and-electricity-good-location-near-main-road-iid-1100883215
Brand New Zero Meter House Ground Plus 1 Full Marble Tiles Flooring Bottom To Top Roof Excellent Work North Karachi Sector 5A-3,"14,800,000","North Karachi, Karachi•",4680 SQYD,https://www.olx.com.pk/item/brand-new-zero-meter-house-ground-plus-1-full-marble-tiles-flooring-bottom-to-top-roof-excellent-work-north-karachi-sector-5a-3-iid-1100883208
House Ground Plus 2 West Open Next To Main Road First Street Excellent Condition North Karachi Sector 8,"19,500,000","North Karachi, Karachi•",46120 SQYD,https://www.olx.com.pk/item/house-ground-plus-2-west-open-next-to-main-road-first-street-excellent-condition-north-karachi-sector-8-iid-1100883206
House Old Construction 150 Feet Road Facing,"18,800,000","North Karachi - Sector 5-C/1, Karachi•","461,080 SQYD",https://www.olx.com.pk/item/house-old-construction-150-feet-road-facing-iid-1100883203
6 Marla Beautiful Brand New House For Sale In Sabre Block,"15,000,000","Fazaia Housing Scheme, Gujranwala•",336 Marla,https://www.olx.com.pk/item/6-marla-beautiful-brand-new-house-for-sale-in-sabre-block-iid-1100883142
5 Marla Double Store House Available For Sale At Sabzazar Lahore Most Beautiful House Prime Location,"24,500,000","Sabzazar, Lahore•",555 Marla,https://www.olx.com.pk/item/5-marla-double-store-house-available-for-sale-at-sabzazar-lahore-most-beautiful-house-prime-location-iid-1100883076
3 Marla Cornor House For Sale,"13,000,000","Al Hamra Town, Lahore•",333 Marla,https://www.olx.com.pk/item/3-marla-cornor-house-for-sale-iid-1100664935
13 Marla Luxury house available for sale in wapda Town peshawar,"37,000,000","Wapda Town Sector M, Peshawar•",6+7+13 Marla,https://www.olx.com.pk/item/13-marla-luxury-house-available-for-sale-in-wapda-town-peshawar-iid-1100786721
120 Sq Yd Bungalow Available In Saadi Town & Saadi Garden Karachi,"18,500,000","Saadi Town, Karachi•",45120 SQYD,https://www.olx.com.pk/item/120-sq-yd-bungalow-available-in-saadi-town-saadi-garden-karachi-iid-1099967663
6.5 Marla Corner House For Sale Facing Park,"39,500,000","Allama Iqbal Town, Lahore•",556 Marla,https://www.olx.com.pk/item/65-marla-corner-house-for-sale-facing-park-iid-1100059658
4marla,"9,000,000","Bhogiwal Road, Lahore•",424 Marla,https://www.olx.com.pk/item/4marla-iid-1095097930
3 Years Installment Plan Luxury Brand New House In Park View City Lahore,"32,976,000","Park View Villas, Lahore•",5610 Marla,https://www.olx.com.pk/item/3-years-installment-plan-luxury-brand-new-house-in-park-view-city-lahore-iid-1100810661
10 Marla Double Unit House Available. For Sale in Faisal Town F-18 Block A Islamabad.,"53,500,000","Faisal Town Phase 1 - Block A, Islamabad•",6+7+10 Marla,https://www.olx.com.pk/item/10-marla-double-unit-house-available-for-sale-in-faisal-town-f-18-block-a-islamabad-iid-1100778376
ALMOST 7 MARLA UNIQUE DESIGNER HOUSE FOR SALE,"25,000,000","Bahria Town Phase 8 - Safari Valley, Rawalpindi•",457 Marla,https://www.olx.com.pk/item/almost-7-marla-unique-designer-house-for-sale-iid-1099934730
6 Marla 30-50 Size Triple Story House For Sale In Gulraiz Near Bahria Town,"19,000,000","Gulraiz Housing Society Phase 2, Rawalpindi•",57+6 Marla,https://www.olx.com.pk/item/6-marla-30-50-size-triple-story-house-for-sale-in-gulraiz-near-bahria-town-iid-1100669891
"Triple Story 3 Marla Facing Park House for Sale in Etihad Town Prime Location, Great Investment Block A","21,000,000","Etihad Town Phase 1 - Block A, Lahore•",343 Marla,https://www.olx.com.pk/item/triple-story-3-marla-facing-park-house-for-sale-in-etihad-town-prime-location-great-investment-block-a-iid-1100666647
10 Marla Semi Commercial House For Sale,"73,000,000","Airline Housing Society, Lahore•",5510 Marla,https://www.olx.com.pk/item/10-marla-semi-commercial-house-for-sale-iid-1100664497
Dam View Luxury Brand New 30*60 House In D-17,"26,000,000","D-17, Islamabad•",568 Marla,https://www.olx.com.pk/item/dam-view-luxury-brand-new-3060-house-in-d-17-iid-1100284910
"Beautiful 7 Marla Pine Villas Phase 3 , Double Unit In D-17","23,800,000","D-17, Islamabad•",557 Marla,https://www.olx.com.pk/item/beautiful-7-marla-pine-villas-phase-3-double-unit-in-d-17-iid-1100284893
35*70 Brand New Elegant House In D-17 For Sale,"30,000,000","D-17, Islamabad•",5510 Marla,https://www.olx.com.pk/item/3570-brand-new-elegant-house-in-d-17-for-sale-iid-1100284888
Brand New 30*70 Elegant Design House In D-17,"29,900,000","D-17, Islamabad•",569 Marla,https://www.olx.com.pk/item/brand-new-3070-elegant-design-house-in-d-17-iid-1100284885
35*70 Newly Constructed Beautiful House With 10 KW Solar System For Sale,"32,500,000","D-17, Islamabad•",6+610 Marla,https://www.olx.com.pk/item/3570-newly-constructed-beautiful-house-with-10-kw-solar-system-for-sale-iid-1100136219
"30*70 Like Brand New , Sun Face House For Sale In D-17","31,000,000","D-17, Islamabad•",6+7+9 Marla,https://www.olx.com.pk/item/3070-like-brand-new-sun-face-house-for-sale-in-d-17-iid-1100821960
5 Marla Green Villa In D-17 With Margalla. View.,"17,500,000","D-17, Islamabad•","331,250 SQFT",https://www.olx.com.pk/item/5-marla-green-villa-in-d-17-with-margalla-view-iid-1100284873
"Paradise mansion 3.5 Marla D-17 , Full house for sale","11,800,000","D-17, Islamabad•",333 Marla,https://www.olx.com.pk/item/paradise-mansion-35-marla-d-17-full-house-for-sale-iid-1100284863
35 Marla Corner Meadows Villa For sale,"127,000,000","Bahria Town - Meadows Villas, Lahore•",47+35 Marla,https://www.olx.com.pk/item/35-marla-corner-meadows-villa-for-sale-iid-1100882626
Spacious 181 Square Yards Penthouse Available For Sale In Shahra-E-Faisal,"10,000,000","Shahra-e-Faisal, Karachi•",23181 SQYD,https://www.olx.com.pk/item/spacious-181-square-yards-penthouse-available-for-sale-in-shahra-e-faisal-iid-1100692079
House Sale In Model Colony Street 25,"22,000,000","Model Colony - Malir, Karachi•",6+6120 SQYD,https://www.olx.com.pk/item/house-sale-in-model-colony-street-25-iid-1100692072
House For Sale Bostan E Raza Near Malir Halt Airport,"18,500,000","Airport Road, Karachi•",45120 SQYD,https://www.olx.com.pk/item/house-for-sale-bostan-e-raza-near-malir-halt-airport-iid-1100692067
House Sale Model Colony 80 Sqyd Liaquat Avenue,"12,000,000","Model Colony - Malir, Karachi•",2280 SQYD,https://www.olx.com.pk/item/house-sale-model-colony-80-sqyd-liaquat-avenue-iid-1100691859
Brand New 10 Marla Beautiful & Lavish House for Sale,"59,000,000","Canal Road, Faisalabad•",4610 Marla,https://www.olx.com.pk/item/brand-new-10-marla-beautiful-lavish-house-for-sale-iid-1100097262
"35x70 Double Story House for Sale At C Block , B17","48,000,000","MPCHS - Block C, Islamabad•",6+610 Marla,https://www.olx.com.pk/item/35x70-double-story-house-for-sale-at-c-block-b17-iid-1099992422
Buy A Centrally Located Prime Location 2 Marla House In Warsak Road,"6,500,000","Warsak Road, Peshawar•",332 Marla,https://www.olx.com.pk/item/buy-a-centrally-located-prime-location-2-marla-house-in-warsak-road-iid-1100711697
10 Marla Brand New House For Sale,"39,000,000","Bahria Town Phase 8 - Block L, Rawalpindi•",5610 Marla,https://www.olx.com.pk/item/10-marla-brand-new-house-for-sale-iid-1099997408
For sale,"14,500,000","Nawababad, Wah•",6+510 Marla,https://www.olx.com.pk/item/for-sale-iid-1100857617
Fully furnished original pics Ali block villa park wali street brand new for sale Bahria town Karachi,"16,900,000","Bahria Town - Ali Block, Karachi•",34125 SQYD,https://www.olx.com.pk/item/fully-furnished-original-pics-ali-block-villa-park-wali-street-brand-new-for-sale-bahria-town-karachi-iid-1100795419
5 Marla Luxury Modern Brand New A Plus Solid Constructed House For Sale And Direct Meeting With Owner In Park View City Lahore.,"22,500,000","Park View City - Jade Extension Block, Lahore•",455 Marla,https://www.olx.com.pk/item/5-marla-luxury-modern-brand-new-a-plus-solid-constructed-house-for-sale-and-direct-meeting-with-owner-in-park-view-city-lahore-iid-1100296797
9.5 Marla Safari Home Luxury House Available For Sale,"38,000,000","Bahria Safari Valley - Sector B, Rawalpindi•",569 Marla,https://www.olx.com.pk/item/95-marla-safari-home-luxury-house-available-for-sale-iid-1100207167
3 Years Installment Plan Luxury Designer House In Park View City Lahore,"31,500,000","Park View Villas, Lahore•",5610 Marla,https://www.olx.com.pk/item/3-years-installment-plan-luxury-designer-house-in-park-view-city-lahore-iid-1100247329
Rental Income Property For Sale Al Falah Society Near RAF E Aam Society,"19,000,000","Al Falah Society, Karachi•",6+6120 SQYD,https://www.olx.com.pk/item/rental-income-property-for-sale-al-falah-society-near-raf-e-aam-society-iid-1100691853
House For Sale Tariq Bin Ziyad Housing Society,"28,000,000","Tariq Bin Ziyad Housing Society, Karachi•",45120 SQYD,https://www.olx.com.pk/item/house-for-sale-tariq-bin-ziyad-housing-society-iid-1100048013
Penthouse For Sale With Roof Shamsi Society,"6,500,000","Shamsi Society, Karachi•",22100 SQYD,https://www.olx.com.pk/item/penthouse-for-sale-with-roof-shamsi-society-iid-1100692062
House Sale Airport Khosa Goth Malir Halt,"8,500,000","Airport Road, Karachi•",23120 SQYD,https://www.olx.com.pk/item/house-sale-airport-khosa-goth-malir-halt-iid-1100692059
House For Sale 215 Sq Yard Ground Plus 2 Railway Housing Society Near Airport,"33,000,000","Airport Road, Karachi•",6+7+215 SQYD,https://www.olx.com.pk/item/house-for-sale-215-sq-yard-ground-plus-2-railway-housing-society-near-airport-iid-1100691842
PentHouse For Sale Tariq Bin Ziyad Housing Society Airport,"7,500,000","Tariq Bin Ziyad Housing Society, Karachi•",Studio1120 SQYD,https://www.olx.com.pk/item/penthouse-for-sale-tariq-bin-ziyad-housing-society-airport-iid-1100691837
House For Sale Model Colony 100 Sqyd,"21,500,000","Model Colony - Malir, Karachi•",44100 SQYD,https://www.olx.com.pk/item/house-for-sale-model-colony-100-sqyd-iid-1100366315
House For Sale in Pakistan Railway Housing Society Airport road Malir Halt,"40,000,000","Airport Road, Karachi•",6+6240 SQYD,https://www.olx.com.pk/item/house-for-sale-in-pakistan-railway-housing-society-airport-road-malir-halt-iid-1100160440
House For Sale 133 Sqyd Model Colony Near Saeed Super Store,"22,500,000","Model Colony - Malir, Karachi•",44133 SQYD,https://www.olx.com.pk/item/house-for-sale-133-sqyd-model-colony-near-saeed-super-store-iid-1100048003
Banglow For Sale *Code(13483)*,"75,000,000","Gulshan-e-Iqbal - Block 10-A, Karachi•",6+6240 SQYD,https://www.olx.com.pk/item/banglow-for-sale-code13483-iid-1100882450
House for Sale Airport Khosa Goth 120 Yads Near Malir Halt,"12,000,000","Airport Road, Karachi•",44120 SQYD,https://www.olx.com.pk/item/house-for-sale-airport-khosa-goth-120-yads-near-malir-halt-iid-1100691823
House Sale Airport Khosa Goth Near Malir Halt,"16,000,000","Airport Road, Karachi•",34180 SQYD,https://www.olx.com.pk/item/house-sale-airport-khosa-goth-near-malir-halt-iid-1100691818
House For Sale Model Colony Sheet 22,"28,500,000","Model Colony - Malir, Karachi•",46120 SQYD,https://www.olx.com.pk/item/house-for-sale-model-colony-sheet-22-iid-1100427362
House For Sale Boston E Raza Near Airport Malir Halt,"22,500,000","Airport Road, Karachi•",45120 SQYD,https://www.olx.com.pk/item/house-for-sale-boston-e-raza-near-airport-malir-halt-iid-1100048021
Good Location Single Storey Used House For Sale,"8,500,000","Naz Town, Lahore•",335 Marla,https://www.olx.com.pk/item/good-location-single-storey-used-house-for-sale-iid-1099176828
600 Sq/Yd Corner Bungalow,"51,000,000","Mehran University Employees Cooperative Housing Society, Jamshoro•",6+6600 SQYD,https://www.olx.com.pk/item/600-sqyd-corner-bungalow-iid-1099281243
ALERT - DIRECT OWNER PROPOERTY 10 MARLA USED RENOVATED HOUSE,"35,000,000","Bahria Town - Tulip Block, Lahore•",5410 Marla,https://www.olx.com.pk/item/alert-direct-owner-propoerty-10-marla-used-renovated-house-iid-1100362283
4 marla house for sale in wah Valley,"4,800,000","Wah, Punjab•",224 Marla,https://www.olx.com.pk/item/4-marla-house-for-sale-in-wah-valley-iid-1100806893
Brand New House in Bahria Enlcave Sector A 10 Marla Available For Sale in Prime Location. Reasonable Demand.,"59,850,000","Bahria Enclave - Sector A, Islamabad•",5610 Marla,https://www.olx.com.pk/item/brand-new-house-in-bahria-enlcave-sector-a-10-marla-available-for-sale-in-prime-location-reasonable-demand-iid-1100021827
Brand New House For Sale,"43,000,000","D-12, Islamabad•",444 Marla,https://www.olx.com.pk/item/brand-new-house-for-sale-iid-1099278264
2 Kanal Farm House For Sale Opposite Top City,"95,000,000","Top City 1, Islamabad•",6+7+2 Kanal,https://www.olx.com.pk/item/2-kanal-farm-house-for-sale-opposite-top-city-iid-1099956431
3 Years Installment Plan Luxury Brand New House In Dha Phase 8,"49,986,000","DHA Phase 8, Lahore•",5610 Marla,https://www.olx.com.pk/item/3-years-installment-plan-luxury-brand-new-house-in-dha-phase-8-iid-1100246554
"3 ACRE DEVELOPED CORNER FARM HOUSE BAILYPUR,PARALLEL TO SMALL BUSINESS CORPURATION SUNDAR ROAD LAHORE.","144,000,000","Sundar Road, Lahore•",3324 Kanal,https://www.olx.com.pk/item/3-acre-developed-corner-farm-house-bailypurparallel-to-small-business-corpuration-sundar-road-lahore-iid-1100000370
House For Sale Model Colony Sheet 18,"18,500,000","Model Colony - Malir, Karachi•",44108 SQYD,https://www.olx.com.pk/item/house-for-sale-model-colony-sheet-18-iid-1100048018
Pent House For Sale Shamsi Society Portion 3rd Floor With Roof,"10,000,000","Shamsi Society, Karachi•",Studio1125 SQYD,https://www.olx.com.pk/item/pent-house-for-sale-shamsi-society-portion-3rd-floor-with-roof-iid-1100047993
sadaf society bungalow for sale in johar,"30,000,000","Sadaf Cooperative Housing Society, Karachi•",6+6120 SQYD,https://www.olx.com.pk/item/sadaf-society-bungalow-for-sale-in-johar-iid-1100882415
House For Sale Sheet 27 Model Colony 120 Sqyd Near Main Road,"32,500,000","Model Colony - Malir, Karachi•",45120 SQYD,https://www.olx.com.pk/item/house-for-sale-sheet-27-model-colony-120-sqyd-near-main-road-iid-1100691810
Falak naz dreams 120 sqyd house available for sale,"16,000,000","Falaknaz Dreams, Karachi•",47+120 SQYD,https://www.olx.com.pk/item/falak-naz-dreams-120-sqyd-house-available-for-sale-iid-1100275657
200 sqyd house for sale model colony sheet 17,"27,500,000","Model Colony - Malir, Karachi•",6+7+200 SQYD,https://www.olx.com.pk/item/200-sqyd-house-for-sale-model-colony-sheet-17-iid-1100275516
House for sale railway housing society near airport malir halt,"33,000,000","Airport Road, Karachi•",6+7+215 SQYD,https://www.olx.com.pk/item/house-for-sale-railway-housing-society-near-airport-malir-halt-iid-1100084774
House for sale model colony 100 sqyd ground plus 3,"16,000,000","Model Colony - Malir, Karachi•",6+7+100 SQYD,https://www.olx.com.pk/item/house-for-sale-model-colony-100-sqyd-ground-plus-3-iid-1100083959
House for sale near airport malir halt alamgir society,"16,000,000","Airport Road, Karachi•",23120 SQYD,https://www.olx.com.pk/item/house-for-sale-near-airport-malir-halt-alamgir-society-iid-1099969800
5 Marla Good Condition Used House Available For Sale,"21,500,000","Bahria Town - Sector D, Lahore•",345 Marla,https://www.olx.com.pk/item/5-marla-good-condition-used-house-available-for-sale-iid-1100882378
6 Room Bungalow 120 Square Yard Ready To Move House Boundary Wall Society Kings Garden Phase - 1 Scheme 33 Near To Capital Society,"26,000,000","Kings Garden, Karachi•",46120 SQYD,https://www.olx.com.pk/item/6-room-bungalow-120-square-yard-ready-to-move-house-boundary-wall-society-kings-garden-phase-1-scheme-33-near-to-capital-society-iid-1100237136
leased bungalow 120y g+2 for sale in johar,"500,000","Gulistan-e-Jauhar Block 7, Karachi•",6+6120 SQYD,https://www.olx.com.pk/item/leased-bungalow-120y-g2-for-sale-in-johar-iid-1100882349
Comercial Brand New Project New Newly Construction Shop Main Shaheed e Milat Road Great Investment Opportunity Handsome Rental Income More Details On Description,"130,000,000","Kings Luxury Apartments, Karachi•","Studio12,260 SQFT",https://www.olx.com.pk/item/comercial-brand-new-project-new-newly-construction-shop-main-shaheed-e-milat-road-great-investment-opportunity-handsome-rental-income-more-details-on-description-iid-1100699245
Newly Construction Top Floor With Paint House Gulistan E Johar Block 15 Beside Continatal Bakery,"31,000,000","Kings Tower, Karachi•","553,300 SQFT",https://www.olx.com.pk/item/newly-construction-top-floor-with-paint-house-gulistan-e-johar-block-15-beside-continatal-bakery-iid-1100237155
Double Story House at Prime Location,"25,000,000","Haroon Bahria Society - Sector 2, Karachi•",45120 SQYD,https://www.olx.com.pk/item/double-story-house-at-prime-location-iid-1100039868
An Architect Designed 25x50 Feet House In D-12/1 For Sale,"55,000,000","D-12/1, Islamabad•",555 Marla,https://www.olx.com.pk/item/an-architect-designed-25x50-feet-house-in-d-121-for-sale-iid-1099958881
Wapda City Brand New 5 Marla House For Sale,"20,000,000","Wapda City, Faisalabad•",345 Marla,https://www.olx.com.pk/item/wapda-city-brand-new-5-marla-house-for-sale-iid-1100791232
Original Picture Attached House at only Plot Price,"74,900,000","DHA Phase 5 - Block K, Lahore•",5620 Marla,https://www.olx.com.pk/item/original-picture-attached-house-at-only-plot-price-iid-1100216067
1 Kanal Near To Park Brand New House For Sale In Sector M-3 Lake City Raiwind Road Lahore,"92,500,000","Lake City, Lahore•",6+61 Kanal,https://www.olx.com.pk/item/1-kanal-near-to-park-brand-new-house-for-sale-in-sector-m-3-lake-city-raiwind-road-lahore-iid-1100584561
"DHA Phase 5, 01 Kanal, 05 Bed, Fully Furnished Luxurious House With Basement For Sale.","169,000,000","DHA Phase 5, Lahore•",561 Kanal,https://www.olx.com.pk/item/dha-phase-5-01-kanal-05-bed-fully-furnished-luxurious-house-with-basement-for-sale-iid-1100817582
8 MARLA HOUSE FOR SALE MULTI F-17 ISLAMABAD ALL FACILITY AVAILABLE,"20,500,000","F-17, Islamabad•",568 Marla,https://www.olx.com.pk/item/8-marla-house-for-sale-multi-f-17-islamabad-all-facility-available-cda-approved-sector-mpchs-iid-1099658237
5 marla double story Spanish house,"17,500,000","Central Park Housing Scheme, Lahore•",335 Marla,https://www.olx.com.pk/item/5-marla-double-story-spanish-house-iid-1100411832
Stunning 10 Marla Contemporary House in Banker Avenue Dont Miss Out!,"29,000,000","Bankers Avenue, Lahore•",5610 Marla,https://www.olx.com.pk/item/stunning-10-marla-contemporary-house-in-banker-avenue-dont-miss-out-iid-1100217696
Commercial Already Rental Space Handsome Rental Income Best Deal For Investor Basement On Main Gulistan E Johar Pics Video Available Visit Then Decide,"32,000,000","Gulistan-e-Jauhar Block 3, Karachi•",22400 SQYD,https://www.olx.com.pk/item/commercial-already-rental-space-handsome-rental-income-best-deal-for-investor-basement-on-main-gulistan-e-johar-pics-video-available-visit-then-decide-iid-1100237190
bungalow 200y g+2 for sale in johar,"37,500,000","Gulistan-e-Jauhar Block 5, Karachi•",6+6200 SQYD,https://www.olx.com.pk/item/bungalow-200y-g2-for-sale-in-johar-iid-1100882292
Luxurious 22 Marla Owner-Built Masterpiece | 5 Bedrooms | Solar Powered | Prime Location,"85,000,000","Bahria Town - Sector E, Lahore•",57+22 Marla,https://www.olx.com.pk/item/luxurious-22-marla-owner-built-masterpiece-5-bedrooms-solar-powered-prime-location-iid-1100882161
House For Sale West Open Next To Main Road First Street Excellent Condition,"19,000,000","North Karachi - Sector 8, Karachi•",22120 SQYD,https://www.olx.com.pk/item/house-for-sale-west-open-next-to-main-road-first-street-excellent-condition-iid-1100882071
Ground Plus 2 House For Sale Park Facing 40 Road Facing In North Karachi Sector 8,"25,000,000","North Karachi, Karachi•",46120 SQYD,https://www.olx.com.pk/item/ground-plus-2-house-for-sale-park-facing-40-road-facing-in-north-karachi-sector-8-iid-1100881970
A House Is Up For Grabs In New Karachi,"14,900,000","New Karachi - Sector 5-A/3, Karachi•",4680 SQFT,https://www.olx.com.pk/item/a-house-is-up-for-grabs-in-new-karachi-iid-1100881964
House Demolished Condition Main 150 Feet Road Facing West Open Kda Lease North Karachi Sector 5C 1,"17,700,000","North Karachi, Karachi•",45120 SQYD,https://www.olx.com.pk/item/house-demolished-condition-main-150-feet-road-facing-west-open-kda-lease-north-karachi-sector-5c-1-iid-1100881954
House G +2 Excellent Condition Near To Main Road North Karachi Sector 8,"19,500,000","North Karachi - Sector 8, Karachi•",46120 SQYD,https://www.olx.com.pk/item/house-g-2-excellent-condition-near-to-main-road-north-karachi-sector-8-iid-1100881939
Fair-Priced 1 Square Yards House Available In North Karachi - Sector 8,"24,500,000","North Karachi - Sector 8, Karachi•",56120 SQYD,https://www.olx.com.pk/item/fair-priced-1-square-yards-house-available-in-north-karachi-sector-8-iid-1100881933
HOUSE GROUND PLUS 2 GOOD CONDITION NORTH KARACHI SECTOR 8,"19,000,000","North Karachi - Sector 8, Karachi•",6+6120 SQFT,https://www.olx.com.pk/item/house-ground-plus-2-good-condition-north-karachi-sector-8-iid-1100881930
Beautiful 5 Marla Used Furnished House For sale in BB block Bahria Town Lahore,"19,500,000","Bahria Town - Sector D, Lahore•",355 Marla,https://www.olx.com.pk/item/beautiful-5-marla-used-furnished-house-for-sale-in-bb-block-bahria-town-lahore-iid-1100881915
5 Marla brand new home for sale,"17,500,000","Jubilee Town, Lahore•",565 Marla,https://www.olx.com.pk/item/5-marla-brand-new-home-for-sale-iid-1100881882
Ready To Sale A Prime Location House 200 Square Yards In North Nazimabad - Block J Karachi,"45,000,000","North Nazimabad - Block J, Karachi•",6+6200 SQYD,https://www.olx.com.pk/item/ready-to-sale-a-prime-location-house-200-square-yards-in-north-nazimabad-block-j-karachi-iid-1100241683
Ready To Sale A Prime Location House 256 Square Yards In North Nazimabad - Block N Karachi,"55,000,000","North Nazimabad - Block N, Karachi•",6+3256 SQYD,https://www.olx.com.pk/item/ready-to-sale-a-prime-location-house-256-square-yards-in-north-nazimabad-block-n-karachi-iid-1100241682
BEAUTIFUL HOUSE FOR SALE Near Model Town Link Road Lahore,"21,000,000","Model Town Link Road, Lahore•",346 Marla,https://www.olx.com.pk/item/beautiful-house-for-sale-near-model-town-link-road-lahore-iid-1096088920
5 Marla House For Sale In Bagh E Iram Housing Scoeity,"18,500,000","Bagh-e-Iram Housing Society, Lahore•",Studio15 Marla,https://www.olx.com.pk/item/5-marla-house-for-sale-in-bagh-e-iram-housing-scoeity-iid-1100777515
3 Years Installment Plan Luxury Brand New House In Dha Phase 8,"91,971,000","DHA Phase 8, Lahore•",561 Kanal,https://www.olx.com.pk/item/3-years-installment-plan-luxury-brand-new-house-in-dha-phase-8-iid-1100246543
8 MARLA HOUSE FOR SALE MULTI F-17 ISLAMABAD ALL FACILITY AVAILABLE,"20,500,000","F-17, Islamabad•",568 Marla,https://www.olx.com.pk/item/8-marla-house-for-sale-multi-f-17-islamabad-all-facility-available-cda-approved-sector-mpchs-iid-1099658237
3 Years Installment Plan Luxury Brand New House In Dha Phase 8,"49,986,000","DHA Phase 8, Lahore•",5610 Marla,https://www.olx.com.pk/item/3-years-installment-plan-luxury-brand-new-house-in-dha-phase-8-iid-1100246554
3 Marla 3 Sarsai House for sale (2.5 story),"9,200,000","Satellite Town, Faisalabad•",533.4 Marla,https://www.olx.com.pk/item/3-marla-3-sarsai-house-for-sale-25-story-iid-1100440908
8 MARLA CORNER SINGLE STOREY HOUSE FOR SALE MULTI F-17 ISLAMABAD ALL FACILITY AVAILABLE CDA APPROVED SECTOR,"18,000,000","Tele Garden (T&T ECHS), Islamabad•",338 Marla,https://www.olx.com.pk/item/8-marla-corner-single-storey-house-for-sale-multi-f-17-islamabad-all-facility-available-cda-approved-sector-iid-1099658420
6 Marla Double Storey House For Sale Islamabad,"11,000,000","Burma Town, Islamabad•",6+66 Marla,https://www.olx.com.pk/item/6-marla-double-storey-house-for-sale-islamabad-iid-1100510755
3 Years Installments Plan 5 Marla Brand New House For Sale In Central Park Lahore,"14,994,000","Central Park Housing Scheme, Lahore•",455 Marla,https://www.olx.com.pk/item/3-years-installments-plan-5-marla-brand-new-house-for-sale-in-central-park-lahore-iid-1100810668
Ready To Sale A Prime Location House 256 Square Yards In North Nazimabad - Block L Karachi,"58,000,000","North Nazimabad - Block L, Karachi•",6+3256 SQYD,https://www.olx.com.pk/item/ready-to-sale-a-prime-location-house-256-square-yards-in-north-nazimabad-block-l-karachi-iid-1100241681
Prime Location 200 Square Yards House Is Available For sale In North Nazimabad - Block J,"37,500,000","North Nazimabad - Block J, Karachi•",Studio1200 SQYD,https://www.olx.com.pk/item/prime-location-200-square-yards-house-is-available-for-sale-in-north-nazimabad-block-j-iid-1100241680
House Spread Over 246 Square Yards In North Nazimabad - Block N Available,"54,000,000","North Nazimabad - Block N, Karachi•",6+6256 SQYD,https://www.olx.com.pk/item/house-spread-over-246-square-yards-in-north-nazimabad-block-n-available-iid-1100241664
House Is Available For sale In North Nazimabad - Block N,"85,000,000","North Nazimabad - Block N, Karachi•",Studio1458 SQYD,https://www.olx.com.pk/item/house-is-available-for-sale-in-north-nazimabad-block-n-iid-1100241657
House For Sale In Karachi,"60,000,000","North Nazimabad - Block L, Karachi•",Studio1256 SQYD,https://www.olx.com.pk/item/house-for-sale-in-karachi-iid-1100241654
House In North Nazimabad - Block J For Sale,"37,500,000","North Nazimabad - Block J, Karachi•",Studio1200 SQYD,https://www.olx.com.pk/item/house-in-north-nazimabad-block-j-for-sale-iid-1100241650
3 Marla brand new home for sale,"13,500,000","Jubilee Town, Lahore•",443 Marla,https://www.olx.com.pk/item/3-marla-brand-new-home-for-sale-iid-1100881813
5 Marla Slightly used house for sale On top Location Of Bahria Town,"21,500,000","Bahria Town - Sector E, Lahore•",355 Marla,https://www.olx.com.pk/item/5-marla-slightly-used-house-for-sale-on-top-location-of-bahria-town-iid-1100881756
10 Marla brand new home for sale,"36,000,000","Jubilee Town, Lahore•",6+7+10 Marla,https://www.olx.com.pk/item/10-marla-brand-new-home-for-sale-iid-1100881725
North Nazimabad block L ground plus one house for sale,"50,000,000","North Nazimabad - Block L, Karachi•",33240 SQYD,https://www.olx.com.pk/item/north-nazimabad-block-l-ground-plus-one-house-for-sale-iid-1100881702
10 Marla brand Owner Build Home For Sale,"27,400,000","LDA Avenue, Lahore•",3410 Marla,https://www.olx.com.pk/item/10-marla-brand-owner-build-home-for-sale-iid-1100881645
10 Marla owner build home for sale,"23,900,000","LDA Avenue, Lahore•",6+7+10 Marla,https://www.olx.com.pk/item/10-marla-owner-build-home-for-sale-iid-1100881565
2 Marla brand new house for sale in iqbal park near DHA main boulevard,"10,800,000","Iqbal Park, Lahore•",33500 SQFT,https://www.olx.com.pk/item/2-marla-brand-new-house-for-sale-in-iqbal-park-near-dha-main-boulevard-iid-1100503400
Brand New 1 Kanal House Available In IEP Engineers Town For sale,"46,000,000","IEP Engineers Town, Lahore•",6+61 Kanal,https://www.olx.com.pk/item/brand-new-1-kanal-house-available-in-iep-engineers-town-for-sale-iid-1100880752
5 Marla Plot for sale on Possession Plot best location,"1,850,000","Lahore Motorway City - Block T Prime, Lahore•",Studio15 Marla,https://www.olx.com.pk/item/5-marla-plot-for-sale-on-possession-plot-best-location-iid-1100806273
sale A House In Karachi Prime Location,"500,000","Bahria Town - Precinct 6, Karachi•",44272 SQYD,https://www.olx.com.pk/item/sale-a-house-in-karachi-prime-location-iid-1100562880
17 MARLA HOUSE AVAILABLE FOR SALE IN ASKRI 10 VERY GOOD LOCATION.,"75,000,000","Askari 10 - Sector F, Lahore•",4517 Marla,https://www.olx.com.pk/item/17-marla-house-available-for-sale-in-askri-10-very-good-location-iid-1100156050
5 Marla Corner double story house in Janjua Adiala road,"16,000,000","Adiala Road, Rawalpindi•",445 Marla,https://www.olx.com.pk/item/5-marla-corner-double-story-house-in-janjua-adiala-road-iid-1100483160
7 MARLA UNIQUE DESIGNER HOUSE FOR SALE,"29,500,000","Bahria Town Phase 8 - Safari Valley, Rawalpindi•",57+7 Marla,https://www.olx.com.pk/item/7-marla-unique-designer-house-for-sale-iid-1099847117
Triple Storey Mumtaz City 08 Marla House For Sale,"34,000,000","Mumtaz City, Islamabad•",6+7+8 Marla,https://www.olx.com.pk/item/triple-storey-mumtaz-city-08-marla-house-for-sale-iid-1099999910
Out class house and out class location,"190,000,000","D-12/4, Islamabad•",6+7+1 Kanal,https://www.olx.com.pk/item/out-class-house-and-out-class-location-iid-1100642129
5 Marla Brand New House For Sale Citi Housing Gujranwala,"18,500,000","Citi Housing Society, Gujranwala•",445 Marla,https://www.olx.com.pk/item/5-marla-brand-new-house-for-sale-citi-housing-gujranwala-iid-1100701889
13 Marla Luxury house available for sale in wapda Town peshawar,"37,000,000","Wapda Town Sector M, Peshawar•",6+7+13 Marla,https://www.olx.com.pk/item/13-marla-luxury-house-available-for-sale-in-wapda-town-peshawar-iid-1100786721
Stunning 7 Marla House In Allama Iqbal Town Available,"35,000,000","Allama Iqbal Town, Lahore•",557 Marla,https://www.olx.com.pk/item/stunning-7-marla-house-in-allama-iqbal-town-available-iid-1100880596
Your Dream Brand New 394 Square Feet House Is Available In Al-Hamad Colony (AIT),"8,000,000","Al-Hamad Colony (AIT), Lahore•",33394 SQFT,https://www.olx.com.pk/item/your-dream-brand-new-394-square-feet-house-is-available-in-al-hamad-colony-ait-iid-1100880592
Falaknaz Dream Villas 120 Sqy Single Unit,"8,600,000","Falaknaz Dreams, Karachi•",22120 SQYD,https://www.olx.com.pk/item/falaknaz-dream-villas-120-sqy-single-unit-iid-1100880572
Prime Location 5 Marla House For sale In Park View City Park View City In Only Rs. 19500000,"19,500,000","Park View Villas, Lahore•",445 Marla,https://www.olx.com.pk/item/prime-location-5-marla-house-for-sale-in-park-view-city-park-view-city-in-only-rs-19500000-iid-1100514253
5 Marla 4 Bed Owner Built House For Sale @ Investor Rate in Bahria Town Phase 8 Rawalpindi,"18,000,000","Bahria Town Phase 8, Rawalpindi•",445 Marla,https://www.olx.com.pk/item/5-marla-4-bed-owner-built-house-for-sale-investor-rate-in-bahria-town-phase-8-rawalpindi-iid-1100880345
Ready To Buy A House 10 Marla In Allama Iqbal Town - Ravi Block,"42,500,000","Allama Iqbal Town - Ravi Block, Lahore•",6+610 Marla,https://www.olx.com.pk/item/ready-to-buy-a-house-10-marla-in-allama-iqbal-town-ravi-block-iid-1100880310
Get In Touch Now To Buy A 3 Marla House In Al-Hamad Colony (AIT) Al-Hamad Colony (AIT),"14,000,000","Al-Hamad Colony (AIT), Lahore•",333 Marla,https://www.olx.com.pk/item/get-in-touch-now-to-buy-a-3-marla-house-in-al-hamad-colony-ait-al-hamad-colony-ait-iid-1100880308
A House Of 11 Marla In Rs. 45000000,"45,000,000","Allama Iqbal Town - Pak Block, Lahore•",4411 Marla,https://www.olx.com.pk/item/a-house-of-11-marla-in-rs-45000000-iid-1100880307
A 6 Marla House Is Up For Grabs In Allama Iqbal Town,"38,000,000","Allama Iqbal Town, Lahore•",6+66 Marla,https://www.olx.com.pk/item/a-6-marla-house-is-up-for-grabs-in-allama-iqbal-town-iid-1100880305
Corner House Of 23 Marla Available In Johar Town Phase 1 - Block E,"85,000,000","Johar Town Phase 1 - Block E, Lahore•",5523 Marla,https://www.olx.com.pk/item/corner-house-of-23-marla-available-in-johar-town-phase-1-block-e-iid-1100880301
Ready To Buy A House In Allama Iqbal Town Allama Iqbal Town,"85,000,000","Allama Iqbal Town, Lahore•",5610 Marla,https://www.olx.com.pk/item/ready-to-buy-a-house-in-allama-iqbal-town-allama-iqbal-town-iid-1100880299
Stunning and affordable House available for sale in New Muslim Town,"180,000,000","New Muslim Town, Lahore•",6+62 Kanal,https://www.olx.com.pk/item/stunning-and-affordable-house-available-for-sale-in-new-muslim-town-iid-1100880295
Perfect 32 Marla House In Canal View For sale,"80,000,000","Canal View, Lahore•",6+632 Marla,https://www.olx.com.pk/item/perfect-32-marla-house-in-canal-view-for-sale-iid-1100880293
Unoccupied House Of 4 Kanal Is Available For sale In Gulberg,"450,000,000","Gulberg 3 - Block L, Lahore•",6+64 Kanal,https://www.olx.com.pk/item/unoccupied-house-of-4-kanal-is-available-for-sale-in-gulberg-iid-1100880291
Fair-Priced Prime Location 375 Square Yards House Available In Federal B Area - Block 10,"110,000,000","Federal B Area - Block 10, Karachi•",6+6375 SQYD,https://www.olx.com.pk/item/fair-priced-prime-location-375-square-yards-house-available-in-federal-b-area-block-10-iid-1100283188
Sector B2 20 Marla Brand New Spanish Designer House available For Sale.,"103,000,000","Bahria Enclave - Sector B2, Islamabad•",551 Kanal,https://www.olx.com.pk/item/sector-b2-20-marla-brand-new-spanish-designer-house-available-for-sale-iid-1099878406
Brand New 3 Marla Corner House For Sale In Rehan Garden Phase 2,"9,500,000","Rehan Garden Phase 2, Lahore•",Studio13 Marla,https://www.olx.com.pk/item/brand-new-3-marla-corner-house-for-sale-in-rehan-garden-phase-2-iid-1100069281
One Kanal Brand New Luxury Ultra-Modern Design Most Beautiful Bungalow 2 Servant Quarter In Basement For Sale At Prime Location Of DHA Lahore Near To Park Masjid Mcdonalds & Commercial Market,"91,500,000","DHA Phase 7 - Block Y, Lahore•",561 Kanal,https://www.olx.com.pk/item/one-kanal-brand-new-luxury-ultra-modern-design-most-beautiful-bungalow-2-servant-quarter-in-basement-for-sale-at-prime-location-of-dha-lahore-near-to-park-masjid-mcdonalds-commercial-market-iid-1100404353
6 Marla beautiful house in adyala road,"5,500,000","Adiala Road, Rawalpindi•",236 Marla,https://www.olx.com.pk/item/6-marla-beautiful-house-in-adyala-road-iid-1100016148
In Military Accounts Housing Society House For Sale Sized 6 Marla,"24,500,000","Military Accounts Housing Society, Lahore•",556 Marla,https://www.olx.com.pk/item/in-military-accounts-housing-society-house-for-sale-sized-6-marla-iid-1099339449
Brand New House For Sale,"43,000,000","D-12, Islamabad•",444 Marla,https://www.olx.com.pk/item/brand-new-house-for-sale-iid-1099278264
1 Kanal House In Bahria Town Of Lahore Is Available For sale,"80,000,000","Bahria Town - Nishtar Block, Lahore•",551 Kanal,https://www.olx.com.pk/item/1-kanal-house-in-bahria-town-of-lahore-is-available-for-sale-iid-1099877671
Luxury 10 Marla House For Sale In Top City,"41,500,000","Top City 1, Islamabad•",6+7+10 Marla,https://www.olx.com.pk/item/luxury-10-marla-house-for-sale-in-top-city-iid-1099999747
Luxurious 5 Marla House: Marble Rooftop Majesty!,"17,000,000","New City Phase 2 - Block L, Wah•",455 Marla,https://www.olx.com.pk/item/luxurious-5-marla-house-marble-rooftop-majesty-iid-1100355753
"Owner-Built Double Unit House For Sale In Faisal Hills A Block, Taxila!!!","18,500,000","Faisal Hills - Block A, Taxila•",455 Marla,https://www.olx.com.pk/item/owner-built-double-unit-house-for-sale-in-faisal-hills-a-block-taxila-iid-1100248710
Prime Location 14 Marla Corner House available for Sale in B Block B-17 Islamabad Near Gate 1 GT Road!!,"60,000,000","B-17, Islamabad•",6+7+14 Marla,https://www.olx.com.pk/item/prime-location-14-marla-corner-house-available-for-sale-in-b-block-b-17-islamabad-near-gate-1-gt-road-iid-1099941655
Prime Location 5 Marla Double Unit House For Sale In Faisal Margalla City Near To Park!,"23,000,000","Faisal Margalla City, Islamabad•",555 Marla,https://www.olx.com.pk/item/prime-location-5-marla-double-unit-house-for-sale-in-faisal-margalla-city-near-to-park-iid-1099941626
Triple Storey 5 Marla House For Sale In Allama Iqbal Town - Neelam Block Lahore,"27,500,000","Allama Iqbal Town - Neelam Block, Lahore•",6+65 Marla,https://www.olx.com.pk/item/triple-storey-5-marla-house-for-sale-in-allama-iqbal-town-neelam-block-lahore-iid-1100880177
A Centrally Located House Is Available For sale In Lahore,"21,500,000","Allama Iqbal Town - Neelam Block, Lahore•","441,375 SQFT",https://www.olx.com.pk/item/a-centrally-located-house-is-available-for-sale-in-lahore-iid-1100880175
Single Storey 5 Marla House Available In Allama Iqbal Town - Neelam Block For sale,"18,000,000","Allama Iqbal Town - Neelam Block, Lahore•",225 Marla,https://www.olx.com.pk/item/single-storey-5-marla-house-available-in-allama-iqbal-town-neelam-block-for-sale-iid-1100880174
You Can Find A Gorgeous House For sale In Allama Iqbal Town - Neelam Block,"20,000,000","Allama Iqbal Town - Neelam Block, Lahore•",445 Marla,https://www.olx.com.pk/item/you-can-find-a-gorgeous-house-for-sale-in-allama-iqbal-town-neelam-block-iid-1100880171
Well-constructed Brand New House Available For sale In Clifton Colony,"17,500,000","Clifton Colony, Lahore•",44785 SQFT,https://www.olx.com.pk/item/well-constructed-brand-new-house-available-for-sale-in-clifton-colony-iid-1100880167
Triple Storey 2 Marla House For Sale In Clifton Colony Clifton Colony,"8,000,000","Clifton Colony, Lahore•",332 Marla,https://www.olx.com.pk/item/triple-storey-2-marla-house-for-sale-in-clifton-colony-clifton-colony-iid-1100880166
Solid 8 Marla Ideal Budgeted House For Sale In Faisal Margallah City Islamabad!!!,"30,000,000","Faisal Margalla City, Islamabad•",448 Marla,https://www.olx.com.pk/item/solid-8-marla-ideal-budgeted-house-for-sale-in-faisal-margallah-city-islamabad-iid-1100586959
5 Marla Luxury Brand New corner House For Sale Original picture,"18,500,000","Park View Villas, Lahore•",445 Marla,https://www.olx.com.pk/item/5-marla-luxury-brand-new-corner-house-for-sale-original-picture-iid-1100880051
"272sq Yard GREY Structure Villa Available FOR SALE In Precinct-8, Near BAHRIA HEIGHTS. 5 Bedroom Under Construction Villa On SALE. Get Your Villa Ready By Your Own Choices. Call For Details.","15,000,000","Bahria Town - Precinct 8, Karachi•",55272 SQYD,https://www.olx.com.pk/item/272sq-yard-grey-structure-villa-available-for-sale-in-precinct-8-near-bahria-heights-5-bedroom-under-construction-villa-on-sale-get-your-villa-ready-by-your-own-choices-call-for-details-iid-1100879826
5 Marla 4 Bed Brand New House For Sale in Near Askari 14 Rawalpindi,"23,000,000","Askari 14, Rawalpindi•",465 Marla,https://www.olx.com.pk/item/5-marla-4-bed-brand-new-house-for-sale-in-near-askari-14-rawalpindi-iid-1100879646
